Qty,References,Manufacturer,MPN,LCSC (order yourself)
2,C3 C4,Rubycon,25YXF220MEFC8X11.5,C368593
1,F1,Polytronics (PTTC),SMD1812P110TF/16,C209723
1,F2,RUILON,SMD1812P075TF/24,C12557
1,J1,JST,S2B-XH-A-1(LF)(SN),C163035
1,J10,GCT,USB4105-GF-A-120,C5184243
3,J11 J12 J14,JST,B2B-XH-A(LF)(SN),C158012
1,J13,Hirose,DM3D-SF,C719027
1,J2,Cixi Kefa,KF301-5.0-2P,C474881
1,J3,JST,B4B-ZR(LF)(SN),C157997
1,J4,JST,S3B-XH-A-1(LF)(SN),C163036
2,J5 J6,WAGO,2060-452/998-404,C2765055
1,J7,JST,S4B-PH-K-S(LF)(SN),C157926
1,J8,TE Connectivity,84952-8,C590895
1,J9,BOOMELE,2.54-2*6P,C9141
2,K1 K2,TE Connectivity (Axicom),V23101-D0006-A201,
1,R8,YAGEO,RT0805BRD0715KL,C728642
3,R9 R48 R49,YAGEO,RT0805BRD0710KL,C110775
1,SW1,Panasonic,EVQP2P02W,C512395
1,U1,STMicroelectronics,USBLC6-2SC6,C7519
2,U2 U3,Microchip,MCP9600-E/MX,C220851
1,U4,Nexperia,"74LVC1G14GV,125",C131093
1,U5,Espressif,ESP32-S3-WROOM-1-N8R2,C2913204
1,U6,Diodes Inc.,AP2112K-3.3TRG1,C51118
