LCSC Part Number,Quantity,Manufacturer Part Number,Manufacturer,Designators
C368593,2,25YXF220MEFC8X11.5,Rubycon,C3 C4
C209723,1,SMD1812P110TF/16,Polytronics (PTTC),F1
C12557,1,SMD1812P075TF/24,RUILON,F2
C163035,1,S2B-XH-A-1(LF)(SN),JST,J1
C5184243,1,USB4105-GF-A-120,GCT,J10
C158012,3,B2B-XH-A(LF)(SN),JST,J11 J12 J14
C719027,1,DM3D-SF,Hirose,J13
C474881,1,KF301-5.0-2P,Cixi Kefa,J2
C157997,1,B4B-ZR(LF)(SN),JST,J3
C163036,1,S3B-XH-A-1(LF)(SN),JST,J4
C157926,1,S4B-PH-K-S(LF)(SN),JST,J7
C590895,1,84952-8,TE Connectivity,J8
C9141,1,2.54-2*6P,BOOMELE,J9
C728642,1,RT0805BRD0715KL,YAGEO,R8
C110775,3,RT0805BRD0710KL,YAGEO,R9 R48 R49
C512395,1,EVQP2P02W,Panasonic,SW1
C7519,1,USBLC6-2SC6,STMicroelectronics,U1
C220851,2,MCP9600-E/MX,Microchip,U2 U3
C131093,1,"74LVC1G14GV,125",Nexperia,U4
C2913204,1,ESP32-S3-WROOM-1-N8R2,Espressif,U5
C51118,1,AP2112K-3.3TRG1,Diodes Inc.,U6
